<?xml version="1.0"?>
<Settings component="Explorer" version="4.4.131">
	<TreeStyle value="XPSimple"/>
	<UseBigButtons value="0"/>
	<ToolbarListMode value="1"/>
	<ToolbarItems>
		<Line>Items=BackItem,ForwardItem,UpItem,SEPARATOR,NavPaneItem,SEPARATOR,MoveToItem,CopyToItem,DeleteItem,UndoItem,SEPARATOR,CustomItem,FolderOptionsItem,SEPARATOR,SettingsItem</Line>
		<Line>BackItem.Command=back</Line>
		<Line>BackItem.Label=$Toolbar.Back</Line>
		<Line>BackItem.Tip=$Toolbar.Back</Line>
		<Line>BackItem.Icon=%USERPROFILE%\Documents\Utilities\Win98-Toolbar-Icons\Back.ico</Line>
		<Line>BackItem.IconDisabled=%USERPROFILE%\Documents\Utilities\Win98-Toolbar-Icons\Disabled\Back.ico</Line>
		<Line>ForwardItem.Command=forward</Line>
		<Line>ForwardItem.Tip=$Toolbar.Forward</Line>
		<Line>ForwardItem.Icon=C:\Users\User\Documents\Utilities\Win98-Toolbar-Icons\Forward.ico</Line>
		<Line>ForwardItem.IconDisabled=C:\Users\User\Documents\Utilities\Win98-Toolbar-Icons\Disabled\Forward.ico</Line>
		<Line>UpItem.Command=up</Line>
		<Line>UpItem.Tip=$Toolbar.GoUp</Line>
		<Line>UpItem.Icon=C:\Users\User\Documents\Utilities\Win98-Toolbar-Icons\Up.ico</Line>
		<Line>UpItem.IconDisabled=C:\Users\User\Documents\Utilities\Win98-Toolbar-Icons\Disabled\Up.ico</Line>
		<Line>NavPaneItem.Command=nav_pane</Line>
		<Line>NavPaneItem.Label=폴더</Line>
		<Line>NavPaneItem.Tip=$Toolbar.NavigationPane</Line>
		<Line>NavPaneItem.Icon=%USERPROFILE%\Documents\Utilities\Win98-Toolbar-Icons\Folders.ico</Line>
		<Line>NavPaneItem.IconDisabled=%USERPROFILE%\Documents\Utilities\Win98-Toolbar-Icons\Disabled\Folders.ico</Line>
		<Line>MoveToItem.Command=moveto</Line>
		<Line>MoveToItem.Tip=$Toolbar.MoveTo</Line>
		<Line>MoveToItem.Icon=%USERPROFILE%\Documents\Utilities\Win98-Toolbar-Icons\Move To.ico</Line>
		<Line>CopyToItem.Command=copyto</Line>
		<Line>CopyToItem.Tip=$Toolbar.CopyTo</Line>
		<Line>CopyToItem.Icon=%USERPROFILE%\Documents\Utilities\Win98-Toolbar-Icons\Copy To.ico</Line>
		<Line>DeleteItem.Command=delete</Line>
		<Line>DeleteItem.Tip=$Toolbar.Delete</Line>
		<Line>DeleteItem.Icon=%USERPROFILE%\Documents\Utilities\Win98-Toolbar-Icons\Delete.ico</Line>
		<Line>UndoItem.Command=undo</Line>
		<Line>UndoItem.Tip=$Toolbar.Undo</Line>
		<Line>UndoItem.Icon=%USERPROFILE%\Documents\Utilities\Win98-Toolbar-Icons\Undo.ico</Line>
		<Line>CustomItem.Items=Icons4Item,Icons3Item,Icons2Item,Icons1Item,ListItem,DetailsItem,TilesItem</Line>
		<Line>CustomItem.Icon=%USERPROFILE%\Documents\Utilities\Win98-Toolbar-Icons\View.ico</Line>
		<Line>Icons4Item.Command=viewicons_extralarge</Line>
		<Line>Icons4Item.Tip=$Toolbar.ExtraLarge</Line>
		<Line>Icons4Item.Icon=shell32.dll,63001</Line>
		<Line>Icons3Item.Command=viewicons_large</Line>
		<Line>Icons3Item.Tip=$Toolbar.Large</Line>
		<Line>Icons3Item.Icon=shell32.dll,63008</Line>
		<Line>Icons2Item.Command=viewicons_medium</Line>
		<Line>Icons2Item.Tip=$Toolbar.Medium</Line>
		<Line>Icons2Item.Icon=shell32.dll,63009</Line>
		<Line>Icons1Item.Command=viewicons_small</Line>
		<Line>Icons1Item.Tip=$Toolbar.Small</Line>
		<Line>Icons1Item.Icon=shell32.dll,63010</Line>
		<Line>ListItem.Command=viewlist</Line>
		<Line>ListItem.Tip=$Toolbar.List</Line>
		<Line>ListItem.Icon=shell32.dll,63000</Line>
		<Line>DetailsItem.Command=viewdetails</Line>
		<Line>DetailsItem.Tip=$Toolbar.Details</Line>
		<Line>DetailsItem.Icon=shell32.dll,62998</Line>
		<Line>TilesItem.Command=viewtiles</Line>
		<Line>TilesItem.Tip=$Toolbar.Tiles</Line>
		<Line>TilesItem.Icon=shell32.dll,62999</Line>
		<Line>FolderOptionsItem.Items=ShowExtensionsItem,HiddenFilesItem,SystemFilesItem</Line>
		<Line>FolderOptionsItem.Command=folderoptions</Line>
		<Line>FolderOptionsItem.Tip=$Toolbar.FolderOptions</Line>
		<Line>FolderOptionsItem.Icon=%USERPROFILE%\Documents\Utilities\Win98-Toolbar-Icons\Favorites.ico</Line>
		<Line>ShowExtensionsItem.Command=show_extensions</Line>
		<Line>ShowExtensionsItem.Label=$Toolbar.ShowExtensions</Line>
		<Line>ShowExtensionsItem.Icon=none</Line>
		<Line>HiddenFilesItem.Command=hidden_files</Line>
		<Line>HiddenFilesItem.Label=$Toolbar.ShowHiddenFiles</Line>
		<Line>HiddenFilesItem.Icon=none</Line>
		<Line>SystemFilesItem.Command=system_files</Line>
		<Line>SystemFilesItem.Label=$Toolbar.ShowSystemFiles</Line>
		<Line>SystemFilesItem.Icon=none</Line>
		<Line>SettingsItem.Command=settings</Line>
		<Line>SettingsItem.Tip=$Toolbar.Settings</Line>
		<Line>SettingsItem.Icon=%USERPROFILE%\Documents\Utilities\Classic\SHELL322K.DLL, 22</Line>
	</ToolbarItems>
	<ShowStatusBar value="1"/>
</Settings>
